|Arts & Entertainment
Games|Arcades
|Art Galleries
Games|Bowling Alleys
Games|Casinos
|Comedy Clubs
Games|Gaming Cafes
|General Entertainment
Games|Internet Cafes
TV & Film|Movie Theaters
TV & Film|Indie Movie Theaters
TV & Film|Multiplexes
|Museums
|Art Museums
History|History Museums
|Museums
Science|Planetariums
Science|Science Museums
Music|Music Venues
Music|Concert Halls
Music|Jazz Clubs
Music|Piano Bars
Music|Rock Clubs
Music|Performing Arts Venues
Music|Concert Halls
Music|Dance Studios
Music|Indie or Off Broadway Theaters
Music|Opera Houses
Music|Theaters
Games|Pool Halls
Sport|Racetracks
Sport|Stadiums
Sport|Baseball Stadiums
Sport|Basketball Stadiums
Sport|Cricket Grounds
Sport|Football Stadiums
Sport|Hockey Stadiums
Sport|Soccer Stadiums
Sport|Tracks
|Strip Clubs
|Theme Parks
|Water Parks
Science|Zoos or Aquariums
Science|Colleges & Universities
Science|College Academic Buildings
Science|College Arts Buildings
Science|College Communications Buildings
Science|College Engineering Buildings
History|College History Buildings
Science|College Math Buildings
Science|College Science Buildings
Tech|College Technology Buildings
|College Administrative Buildings
Music|College Auditoriums
|College Bookstores
Food & Drink|College Cafeterias
|College Classrooms
|College Dorms
|College Gyms
Science|College Labs
Literature|College Libraries
|College Quads
|College Rec Centers
Sport|College Stadiums
Sport|College Baseball Diamonds
Sport|College Basketball Courts
Sport|College Cricket Pitches
Sport|College Football Fields
Sport|College Hockey Rinks
Sport|College Soccer Fields
Sport|College Tracks
TV & Film|College Theaters
|Community Colleges
|Fraternity Houses
|General Colleges & Universities
|High Schools
Literature|Law Schools
Science|Medical Schools
|Sorority Houses
|Student Centers
|Trade Schools
|Universities
Food & Drink|Food
Food & Drink|African Restaurants
Food & Drink|American Restaurants
Food & Drink|Arepa Restaurants
Food & Drink|Argentinian Restaurants
Food & Drink|Asian Restaurants
Food & Drink|Australian Restaurants
Food & Drink|BBQ Joints
Food & Drink|Bagel Shops
Food & Drink|Bakeries
Food & Drink|Brazilian Restaurants
Food & Drink|Breakfast Spots
Food & Drink|Breweries
Food & Drink|Burger Joints
Food & Drink|Burrito Places
Food & Drink|Caf√©s
Food & Drink|Cajun or Creole Restaurants
Food & Drink|Caribbean Restaurants
Food & Drink|Chinese Restaurants
Food & Drink|Coffee Shops
Food & Drink|Cuban Restaurants
Food & Drink|Cupcake Shops
Food & Drink|Delis or Bodegas
Food & Drink|Dessert Shops
Food & Drink|Dim Sum Restaurants
Food & Drink|Diners
Food & Drink|Donut Shops
Food & Drink|Dumpling Restaurants
Food & Drink|Eastern European Restaurants
Food & Drink|Ethiopian Restaurants
Food & Drink|Falafel Restaurants
Food & Drink|Fast Food Restaurants
Food & Drink|Food Courts
Food & Drink|Food Trucks
Food & Drink|French Restaurants
Food & Drink|Fried Chicken Joints
Food & Drink|Gastropubs
Food & Drink|German Restaurants
Food & Drink|Glutenfree Restaurants
Food & Drink|Greek Restaurants
Food & Drink|Hot Dog Joints
Food & Drink|Ice Cream Shops
Food & Drink|Indian Restaurants
Food & Drink|Italian Restaurants
Food & Drink|Japanese Restaurants
Food & Drink|Juice Bars
Food & Drink|Korean Restaurants
Food & Drink|Latin American Restaurants
Food & Drink|Mac & Cheese Joints
Food & Drink|Malaysian Restaurants
Food & Drink|Mediterranean Restaurants
Food & Drink|Mexican Restaurants
Food & Drink|Middle Eastern Restaurants
Food & Drink|Molecular Gastronomy Restaurants
Food & Drink|Moroccan Restaurants
Food & Drink|New American Restaurants
Food & Drink|Pizza Places
Food & Drink|Ramen or Noodle House
Food & Drink|Restaurants
Food & Drink|Salad Shop
Food & Drink|Sandwich Places
Food & Drink|Scandinavian Restaurants
Food & Drink|Seafood Restaurants
Food & Drink|Snack Places
Food & Drink|Soup Places
Food & Drink|South American Restaurants
Food & Drink|Southern or Soul Food Restaurants
Food & Drink|Spanish Restaurants
Food & Drink|Paella Restaurants
Food & Drink|Steakhouses
Food & Drink|Sushi Restaurants
Food & Drink|Swiss Restaurants
Food & Drink|Taco Places
Food & Drink|Tapas Restaurants
Food & Drink|Tea Rooms
Food & Drink|Thai Restaurants
Food & Drink|Vegetarian or Vegan Restaurants
Food & Drink|Vietnamese Restaurants
Food & Drink|Wineries
Food & Drink|Wings Joints
Sport|Great Outdoors
Sport|Baseball Fields
Sport|Basketball Courts
Sport|Beaches
Sport|Surf Spots
|Bridges
|Campgrounds
|Cemeteries
|Dog Runs
|Farms
|Fields
|Gardens
Sport|Golf Courses
|Harbors or Marinas
Sport|Hiking Trails
|Hot Springs
|Lakes
|Lighthouses
Sport|Other Great Outdoors
Sport|Parks
|Playgrounds
|Plazas
Sport|Pools
|Scenic Lookouts
|Sculpture Gardens
Sport|Skate Parks
Sport|Skating Rinks
Sport|Ski Areas
Sport|Apres Ski Bars
Sport|Ski Chalets
Sport|Ski Lodges
Sport|Soccer Fields
Food & Drink|Vineyards
|Buildings
Tech|Convention Centers
Tech|Meeting Rooms
Tech|Event Spaces
|Government Buildings
|Capitol Buildings
|City Halls
|Courthouses
|Fire Stations
|Monuments or Landmarks
|Police Stations
Sport|Gyms or Fitness Centers
Sport|Gyms
Sport|Martial Arts Dojos
Sport|Pools
Sport|Tracks
Sport|Yoga Studios
|Homes
Literature|Libraries
|Medical Centers
|Dentist's Offices
|Doctor's Offices
|Drugstores or Pharmacies
|Emergency Rooms
|Hospitals
|Offices
Music|Auditoriums
Food & Drink|Cafeterias
Tech|Conference Rooms
Tech|Coworking Spaces
Tech|Tech Startups
|Parking Garages
|Post Offices
|Religious Centers
|Churches
|Mosques
|Synagogues
|Temples
|Schools
|Community Colleges
|High Schools
|Law Schools
|Medical Schools
|Trade Schools
|Universities
|Voting Booths
|Nightlife Spots
|Bars
|Beer Gardens
|Breweries
|Cocktails Bars
|Dive Bars
|Gay Bars
|Hookah Bars
|Hotel Bars
|Karaoke Bars
|Lounges
Music|Music Venues
Music|Concert Halls
Music|Jazz Clubs
Music|Piano Bars
Music|Rock Clubs
Music|Nightclubs
Music|Other Nightlife
|Pubs
|Sake Bars
|Speakeasies
Sport|Sports Bars
|Strip Clubs
|Whisky Bars
Food & Drink|Wine Bars
|Shops
|Antique Shops
|Arts & Crafts Stores
|Automotive Shops
|Banks
Sport|Bike Shops
Sport|Board Shops
Literature|Bookstores
|Bridal Shops
|Candy Stores
|Clothing Stores
|Accessories Stores
|Boutiques
|Kids Shops
|Lingerie Stores
|Men's Stores
|Shoe Stores
|Women's Stores
|Cosmetics Shops
|Department Stores
|Design Studios
|Drugstores or Pharmacies
|Flea Markets
|Flower Shops
Food & Drink|Food and Drink Shops
Food & Drink|Bakeries
Food & Drink|Butchers
Food & Drink|Cheese Shops
Food & Drink|Delis or Bodegas
Food & Drink|Farmers Markets
Food & Drink|Fish Markets
Food & Drink|Food Courts
Food & Drink|Gourmet Shops
Food & Drink|Grocery Stores
Food & Drink|Liquor Stores
Food & Drink|Wine Shops
|Furniture or Home Stores
|Gas Stations or Garages
|Gift Shops
Tech|Hardware Stores
Tech|High Tech Outlets
Tech|Hobby Shops
|Jewelry Stores
|Laundromats or Dry Cleaners
|Malls
|Miscellaneous Shops
Music|Music Stores
|Paper or Office Supplies Stores
|Pet Stores
|Post Offices
|Record Shops
|Salons or Barbershops
|Service Shops
Tech|Internet Cafes
|Rental Car Locations
|Smoke Shops
|Spas or Massage Parlors
Sport|Sporting Goods Shops
|Tanning Salons
|Tattoo Parlors
|Thrift or Vintage Stores
Games|Toy or Game Stores
Games|Video Game Stores
Games|Video Stores
|Travel Spots
|Airports
|Airport Food Court
|Airport Gates
|Airport Rental Car Spots
|Airport Terminals
|Airport Trams
|Planes
Food & Drink|Bed & Breakfasts
|Boats or Ferries
|Bus Stations
|Bus Lines
|Embassies or Consulates
|General Travel
|Highways or Roads
|Hostels
|Hotels
|Hotel Bars
|Motels
|Pools
|Roof Decks
|Inflight
|Light Rails
|Resorts
|Subways
|Taxis
|Train Stations
|Trains
